CLUSTER_ID,N_TRAJECTORIES,N_USERS,AVG_POINTS,AVG_CELLS,START_CELL,END_CELL
3,1262,182,691.797147385103,16.513470681458003,15536:483,15534:482
99,26,14,1279.1923076923076,46.03846153846154,15554:491,15530:483
90,40,13,818.3,26.475,15563:483,15513:485
151,13,7,502.3076923076923,9.538461538461538,15547:496,15547:496
102,15,6,307.06666666666666,6.733333333333333,15534:474,15534:474
240,11,5,377.8181818181818,10.818181818181818,15545:502,15543:488
203,10,5,347.1,10.0,15543:499,15542:498
0,9,5,457.44444444444446,7.444444444444445,15534:482,15532:468
274,8,5,462.5,6.75,15531:495,15531:497
84,5,5,395.4,8.0,15543:496,15541:490
387,19,4,883.421052631579,40.94736842105263,15524:514,15539:492
130,9,4,645.5555555555555,29.555555555555557,15544:487,15547:485
414,9,4,864.2222222222222,22.666666666666668,15537:492,15547:499
285,7,4,505.42857142857144,7.428571428571429,15543:485,15544:486
767,6,4,1191.0,30.666666666666668,15534:474,15546:473
333,5,4,562.2,7.8,15535:478,15535:476
283,4,4,677.25,11.0,15543:486,15543:485
419,4,3,1089.5,50.75,15542:481,15532:453
184,4,3,763.75,21.75,15540:492,15534:481
449,3,3,862.3333333333334,12.666666666666666,15544:490,15544:485
30,3,3,828.3333333333334,8.333333333333334,15532:501,15532:502
608,10,2,1837.4,110.6,15527:471,15546:521
960,10,2,2233.8,54.2,15522:507,15554:485
784,7,2,332.85714285714283,9.142857142857142,15528:481,15528:482
343,6,2,605.0,33.0,15550:514,15498:493
600,6,2,573.6666666666666,11.5,15551:497,15550:490
29,5,2,874.0,26.0,15528:506,15532:502
199,5,2,351.8,8.0,15539:501,15536:502
1089,4,2,1289.25,91.0,15549:489,15532:552
1008,4,2,768.5,41.25,15529:475,15534:539
103,4,2,549.5,12.0,15534:474,15531:471
495,4,2,519.75,10.0,15545:483,15545:482
146,4,2,369.75,8.25,15544:475,15543:475
936,3,2,1393.3333333333333,64.0,15550:461,15527:486
443,3,2,776.0,51.0,15528:493,15503:493
615,3,2,400.3333333333333,10.0,15544:484,15550:484
855,3,2,218.66666666666666,10.0,15547:487,15560:479
512,3,2,525.6666666666666,8.0,15543:490,15547:488
1138,3,2,256.0,7.666666666666667,15526:477,15528:480
105,3,2,414.6666666666667,7.0,15534:474,15534:474
629,2,2,2221.5,39.5,15533:486,15536:490
34,2,2,1144.5,25.5,15546:479,15541:492
426,2,2,799.0,25.0,15552:503,15540:493
720,2,2,291.0,19.0,15528:471,15530:497
11,2,2,512.5,17.0,15528:480,15528:473
180,2,2,897.0,14.5,15548:481,15541:481
62,2,2,924.5,13.5,15544:481,15544:493
296,2,2,834.5,13.5,15547:486,15548:486
390,2,2,331.5,11.5,15542:496,15539:499
409,2,2,434.5,10.5,15539:490,15536:479
27,2,2,682.0,9.5,15532:502,15534:498
170,2,2,251.5,9.5,15547:484,15547:484
241,2,2,255.0,8.5,15543:488,15550:488
563,2,2,438.0,8.5,15532:500,15532:500
117,2,2,364.0,8.0,15552:482,15549:486
787,2,2,318.0,8.0,15528:482,15531:478
135,2,2,215.0,7.5,15547:493,15552:478
417,2,2,1024.0,7.5,15535:480,15536:478
511,2,2,260.5,7.0,15545:500,15545:496
1038,2,2,392.0,6.5,15541:491,15541:491
575,2,2,253.0,5.5,15535:496,15539:492
771,10,1,1139.7,42.2,15544:484,15548:473
125,7,1,1085.2857142857142,40.142857142857146,15527:488,15513:469
429,7,1,544.5714285714286,12.857142857142858,15541:501,15545:509
975,7,1,282.42857142857144,9.571428571428571,15524:494,15521:492
1001,7,1,287.0,7.714285714285714,15553:482,15553:482
567,5,1,815.6,40.8,15537:484,15536:485
43,5,1,1707.0,24.8,15542:481,15543:480
1184,5,1,547.0,12.6,15545:482,15529:493
23,5,1,580.4,7.8,15532:502,15546:479
793,5,1,271.6,6.6,15548:492,15548:483
1172,5,1,340.4,6.2,15537:486,15534:478
1011,4,1,1305.75,28.25,15551:478,15542:494
1109,4,1,220.5,9.5,15544:526,15540:524
776,4,1,675.25,7.75,15540:512,15553:463
370,4,1,259.5,7.25,15534:496,15535:496
650,4,1,257.75,6.75,15525:505,15537:473
15,4,1,210.75,6.0,15535:502,15551:468
36,3,1,1706.0,77.66666666666667,15532:495,15517:444
149,3,1,1120.6666666666667,34.333333333333336,15540:510,15546:496
223,3,1,698.3333333333334,12.333333333333334,15551:488,15550:487
524,3,1,425.3333333333333,12.333333333333334,15538:482,15538:482
89,3,1,330.3333333333333,11.0,15565:482,15563:482
37,3,1,327.6666666666667,10.666666666666666,15517:444,15520:445
952,3,1,383.3333333333333,10.333333333333334,15524:478,15533:481
1087,3,1,157.0,8.333333333333334,15527:483,15530:482
95,3,1,197.66666666666666,8.0,15553:491,15550:509
651,3,1,240.66666666666666,7.666666666666667,15544:483,15544:483
100,3,1,436.0,6.333333333333333,15534:474,15538:492
342,3,1,299.6666666666667,6.333333333333333,15550:515,15549:514
569,3,1,192.33333333333334,6.333333333333333,15537:485,15540:486
1079,3,1,514.0,6.333333333333333,15545:496,15545:496
725,3,1,228.33333333333334,6.0,15545:484,15546:491
128,2,1,1094.0,175.0,15527:488,15663:513
871,2,1,2440.0,123.5,15531:484,15557:417
45,2,1,2596.5,114.5,15535:489,15469:503
592,2,1,1385.5,78.5,15546:492,15546:480
428,2,1,1568.0,72.0,15545:509,15589:516
536,2,1,1517.5,64.5,15550:491,15551:490
381,2,1,816.5,63.0,15523:514,15587:459
1074,2,1,990.5,37.5,15548:485,15527:470
349,2,1,572.5,22.5,15550:515,15537:507
976,2,1,819.0,22.0,15542:487,15523:488
707,2,1,669.5,21.0,15527:454,15531:467
249,2,1,516.0,20.5,15527:501,15528:489
1107,2,1,331.0,20.5,15535:467,15545:467
1092,2,1,699.0,19.5,15524:485,15527:484
726,2,1,566.5,18.0,15545:491,15542:501
778,2,1,520.5,18.0,15541:513,15547:518
397,2,1,956.0,17.0,15547:476,15552:476
657,2,1,411.5,17.0,15522:506,15515:510
446,2,1,940.0,15.0,15550:480,15555:482
568,2,1,296.5,15.0,15537:484,15544:485
1129,2,1,442.0,15.0,15526:494,15526:484
269,2,1,373.5,14.5,15535:495,15527:495
949,2,1,465.5,13.5,15524:477,15529:482
1108,2,1,323.5,12.0,15532:468,15535:467
395,2,1,955.0,11.5,15549:500,15547:477
795,2,1,221.5,11.0,15523:529,15519:535
1063,2,1,199.0,11.0,15543:490,15541:490
749,2,1,330.5,10.5,15541:490,15540:490
858,2,1,338.0,10.5,15531:488,15552:508
1006,2,1,671.5,10.5,15528:474,15521:474
1133,2,1,400.0,10.5,15526:495,15525:499
176,2,1,399.5,10.0,15539:491,15523:497
580,2,1,455.0,10.0,15530:487,15530:487
962,2,1,475.0,10.0,15521:507,15525:507
878,2,1,490.5,9.5,15537:474,15537:474
389,2,1,234.5,9.0,15532:472,15529:475
826,2,1,106.5,9.0,15538:493,15550:464
881,2,1,338.0,9.0,15537:474,15540:486
663,2,1,682.5,8.5,15531:478,15535:482
920,2,1,542.5,8.5,15547:498,15549:497
1205,2,1,402.0,8.5,15527:493,15552:482
21,2,1,371.5,8.0,15535:502,15539:485
1013,2,1,283.0,8.0,15551:478,15549:478
1206,2,1,433.0,8.0,15525:493,15527:493
345,2,1,812.5,7.5,15550:515,15550:515
1099,2,1,282.5,7.5,15542:476,15539:474
1123,2,1,539.5,7.5,15548:470,15548:470
1125,2,1,229.0,7.5,15548:471,15529:497
462,2,1,437.5,7.0,15553:494,15534:480
696,2,1,509.0,7.0,15539:482,15541:480
675,2,1,215.0,6.5,15529:486,15527:483
746,2,1,1082.5,6.5,15543:488,15541:492
270,2,1,203.5,6.0,15527:496,15530:495
372,2,1,109.5,6.0,15547:495,15534:496
665,2,1,265.0,5.5,15532:480,15532:480
107,2,1,210.5,5.0,15534:474,15536:474
501,2,1,132.5,5.0,15532:490,15531:487
825,2,1,87.5,5.0,15539:493,15539:492
974,2,1,167.5,5.0,15521:492,15542:487
432,1,1,3871.0,439.0,15545:509,15374:293
660,1,1,2035.0,373.0,15543:491,15299:726
905,1,1,1318.0,301.0,15550:490,15331:293
347,1,1,1813.0,299.0,15550:514,15608:293
344,1,1,824.0,284.0,15497:494,15550:514
799,1,1,2445.0,256.0,15551:351,15523:529
522,1,1,1491.0,242.0,15522:474,15664:560
796,1,1,1543.0,181.0,15523:529,15581:356
1110,1,1,2858.0,148.0,15543:526,15543:526
485,1,1,1136.0,135.0,15524:428,15539:503
439,1,1,1493.0,123.0,15535:488,15535:488
438,1,1,1024.0,110.0,15537:486,15585:538
109,1,1,312.0,87.0,15534:474,15587:500
185,1,1,3780.0,81.0,15534:481,15533:497
155,1,1,157.0,80.0,15502:488,15529:493
1130,1,1,3448.0,76.0,15525:494,15525:494
598,1,1,1048.0,75.0,15551:498,15541:473
662,1,1,1404.0,71.0,15555:486,15531:487
484,1,1,782.0,67.0,15550:472,15524:427
212,1,1,1339.0,59.0,15541:503,15532:472
339,1,1,1528.0,59.0,15563:493,15529:487
1086,1,1,1505.0,59.0,15543:485,15527:484
1143,1,1,613.0,58.0,15553:438,15535:498
633,1,1,2752.0,57.0,15547:501,15540:495
309,1,1,1831.0,55.0,15530:484,15530:484
1135,1,1,2912.0,55.0,15550:497,15547:491
217,1,1,2643.0,54.0,15533:473,15530:497
630,1,1,3983.0,52.0,15547:501,15540:491
1061,1,1,2591.0,52.0,15534:496,15533:478
1070,1,1,2948.0,52.0,15548:485,15548:484
757,1,1,2621.0,51.0,15532:499,15532:499
1219,1,1,711.0,50.0,15521:444,15541:481
1157,1,1,1220.0,49.0,15528:480,15551:465
430,1,1,1272.0,48.0,15565:493,15545:509
1140,1,1,447.0,48.0,15535:464,15545:438
188,1,1,1835.0,47.0,15541:502,15539:489
798,1,1,478.0,47.0,15582:359,15551:351
609,1,1,586.0,46.0,15546:521,15551:498
635,1,1,1985.0,46.0,15541:492,15547:501
937,1,1,2739.0,46.0,15526:475,15527:475
258,1,1,4528.0,44.0,15533:493,15531:497
595,1,1,781.0,44.0,15543:473,15551:498
189,1,1,1567.0,42.0,15540:490,15528:504
493,1,1,1767.0,42.0,15545:483,15548:496
1044,1,1,2191.0,42.0,15521:476,15539:497
1127,1,1,1260.0,42.0,15531:495,15542:502
254,1,1,981.0,40.0,15552:465,15547:491
337,1,1,1139.0,40.0,15536:487,15563:493
782,1,1,83.0,39.0,15553:525,15578:564
256,1,1,3605.0,38.0,15540:492,15534:496
251,1,1,1009.0,37.0,15547:491,15551:465
196,1,1,1462.0,36.0,15538:480,15538:501
909,1,1,2449.0,36.0,15529:480,15570:502
1233,1,1,828.0,36.0,15545:494,15533:472
908,1,1,2255.0,35.0,15550:491,15529:479
1005,1,1,2172.0,35.0,15536:495,15529:493
1085,1,1,692.0,35.0,15527:483,15549:488
1102,1,1,936.0,35.0,15541:474,15532:468
838,1,1,1416.0,33.0,15542:483,15535:491
843,1,1,2066.0,33.0,15539:492,15534:489
1025,1,1,1668.0,33.0,15516:493,15531:484
1040,1,1,1498.0,33.0,15538:498,15560:499
28,1,1,2045.0,32.0,15538:495,15529:506
355,1,1,1495.0,32.0,15537:490,15540:497
773,1,1,505.0,32.0,15554:502,15544:484
906,1,1,717.0,31.0,15550:491,15530:491
980,1,1,975.0,31.0,15538:481,15537:479
148,1,1,1078.0,30.0,15539:510,15540:510
178,1,1,1940.0,30.0,15523:497,15542:482
1023,1,1,1432.0,30.0,15531:484,15516:493
601,1,1,487.0,29.0,15549:481,15562:490
869,1,1,2823.0,29.0,15531:484,15532:484
1032,1,1,981.0,29.0,15531:487,15550:496
1039,1,1,1596.0,29.0,15542:496,15536:482
1056,1,1,3535.0,29.0,15519:499,15533:478
164,1,1,3082.0,28.0,15536:504,15536:504
248,1,1,806.0,28.0,15528:489,15527:501
1076,1,1,950.0,28.0,15557:493,15547:485
186,1,1,688.0,27.0,15528:505,15541:502
384,1,1,852.0,27.0,15523:514,15537:495
1027,1,1,1145.0,27.0,15536:480,15550:496
1132,1,1,592.0,27.0,15543:488,15525:494
318,1,1,749.0,26.0,15535:481,15534:482
979,1,1,961.0,26.0,15536:490,15539:485
981,1,1,858.0,26.0,15546:481,15537:470
602,1,1,467.0,25.0,15562:490,15551:498
1051,1,1,1365.0,25.0,15531:479,15544:479
44,1,1,704.0,24.0,15526:487,15542:481
661,1,1,473.0,24.0,15543:491,15555:486
1115,1,1,1841.0,24.0,15531:490,15538:491
1226,1,1,1767.0,24.0,15543:496,15531:498
106,1,1,867.0,23.0,15534:474,15533:468
168,1,1,1053.0,23.0,15548:484,15521:510
198,1,1,758.0,23.0,15539:502,15534:486
332,1,1,753.0,23.0,15530:491,15529:493
482,1,1,525.0,23.0,15544:483,15553:471
499,1,1,784.0,23.0,15547:497,15535:497
697,1,1,1082.0,23.0,15539:482,15538:483
706,1,1,1085.0,23.0,15534:502,15543:464
788,1,1,812.0,23.0,15526:478,15536:480
1100,1,1,820.0,23.0,15547:487,15536:493
1113,1,1,402.0,23.0,15531:470,15545:467
1217,1,1,1036.0,23.0,15537:501,15531:499
38,1,1,2392.0,22.0,15539:492,15537:496
386,1,1,963.0,22.0,15523:514,15524:514
514,1,1,742.0,22.0,15548:488,15543:486
526,1,1,421.0,22.0,15528:499,15542:497
1075,1,1,578.0,22.0,15551:484,15558:494
1103,1,1,385.0,22.0,15532:468,15541:474
1105,1,1,672.0,22.0,15536:492,15534:481
1152,1,1,351.0,22.0,15525:476,15531:495
39,1,1,862.0,21.0,15539:491,15536:501
211,1,1,555.0,21.0,15530:496,15541:503
612,1,1,520.0,21.0,15545:484,15528:494
860,1,1,1498.0,21.0,15550:491,15531:488
1018,1,1,1364.0,21.0,15532:484,15532:484
1041,1,1,976.0,21.0,15538:498,15548:502
12,1,1,493.0,20.0,15529:473,15528:481
26,1,1,598.0,20.0,15546:479,15540:491
97,1,1,619.0,20.0,15551:508,15558:505
242,1,1,661.0,20.0,15551:488,15541:493
340,1,1,683.0,20.0,15550:515,15550:515
967,1,1,905.0,20.0,15525:492,15530:489
1000,1,1,905.0,20.0,15540:497,15539:486
1142,1,1,338.0,20.0,15542:438,15552:438
143,1,1,629.0,19.0,15528:489,15520:494
401,1,1,521.0,19.0,15547:476,15554:477
468,1,1,1385.0,19.0,15536:489,15529:489
541,1,1,696.0,19.0,15536:500,15545:502
641,1,1,1198.0,19.0,15545:475,15547:482
772,1,1,440.0,19.0,15543:484,15550:476
985,1,1,674.0,19.0,15537:490,15538:501
1043,1,1,1108.0,19.0,15526:487,15521:476
4,1,1,911.0,18.0,15534:481,15534:481
259,1,1,1142.0,18.0,15531:497,15537:486
463,1,1,578.0,18.0,15535:471,15534:481
738,1,1,1681.0,18.0,15544:493,15544:493
750,1,1,3165.0,18.0,15539:498,15527:493
52,1,1,711.0,17.0,15543:481,15542:480
94,1,1,359.0,17.0,15562:477,15565:483
234,1,1,1708.0,17.0,15549:493,15529:494
932,1,1,726.0,17.0,15557:495,15526:486
1003,1,1,1262.0,17.0,15540:496,15540:495
1098,1,1,428.0,17.0,15534:481,15541:476
132,1,1,286.0,16.0,15559:492,15550:493
182,1,1,770.0,16.0,15545:488,15547:496
213,1,1,542.0,16.0,15544:478,15534:475
603,1,1,110.0,16.0,15546:520,15546:521
719,1,1,441.0,16.0,15530:467,15527:470
880,1,1,647.0,16.0,15536:493,15536:504
986,1,1,855.0,16.0,15538:501,15544:494
1137,1,1,714.0,16.0,15543:494,15547:485
40,1,1,48.0,15.0,15539:502,15508:502
597,1,1,775.0,15.0,15543:481,15541:489
632,1,1,479.0,15.0,15536:492,15547:500
756,1,1,446.0,15.0,15564:474,15551:484
813,1,1,273.0,15.0,15544:465,15537:463
916,1,1,531.0,15.0,15550:489,15545:497
1055,1,1,528.0,15.0,15543:486,15540:489
1068,1,1,654.0,15.0,15557:487,15548:491
1106,1,1,389.0,15.0,15535:468,15535:468
1195,1,1,289.0,15.0,15535:504,15551:466
175,1,1,405.0,14.0,15547:484,15540:479
431,1,1,350.0,14.0,15542:502,15545:509
539,1,1,497.0,14.0,15552:490,15549:490
1191,1,1,940.0,14.0,15542:498,15531:485
154,1,1,85.0,13.0,15530:493,15529:493
509,1,1,902.0,13.0,15544:501,15545:501
637,1,1,1146.0,13.0,15535:478,15543:488
830,1,1,109.0,13.0,15534:489,15550:463
863,1,1,989.0,13.0,15545:501,15527:489
956,1,1,682.0,13.0,15554:477,15554:477
1007,1,1,191.0,13.0,15529:475,15528:474
1196,1,1,659.0,13.0,15551:465,15535:504
59,1,1,1265.0,12.0,15537:492,15545:478
98,1,1,258.0,12.0,15552:488,15553:491
110,1,1,207.0,12.0,15543:492,15544:491
112,1,1,184.0,12.0,15530:497,15529:496
144,1,1,286.0,12.0,15530:493,15540:492
179,1,1,720.0,12.0,15541:481,15548:481
215,1,1,466.0,12.0,15539:482,15542:489
375,1,1,159.0,12.0,15535:497,15537:496
461,1,1,662.0,12.0,15539:492,15535:480
548,1,1,178.0,12.0,15545:486,15554:474
676,1,1,881.0,12.0,15528:486,15528:486
745,1,1,1003.0,12.0,15542:476,15542:476
1049,1,1,649.0,12.0,15541:488,15544:479
1066,1,1,354.0,12.0,15549:488,15542:491
96,1,1,444.0,11.0,15554:491,15549:479
142,1,1,527.0,11.0,15533:489,15545:495
319,1,1,226.0,11.0,15543:486,15534:481
434,1,1,268.0,11.0,15544:487,15554:483
593,1,1,206.0,11.0,15545:480,15541:473
770,1,1,405.0,11.0,15543:484,15554:502
808,1,1,554.0,11.0,15525:493,15543:491
811,1,1,206.0,11.0,15541:492,15531:488
1228,1,1,816.0,11.0,15525:485,15529:481
64,1,1,590.0,10.0,15539:492,15551:485
195,1,1,672.0,10.0,15539:501,15540:480
377,1,1,111.0,10.0,15534:496,15547:495
610,1,1,346.0,10.0,15544:483,15544:484
653,1,1,276.0,10.0,15543:481,15525:505
659,1,1,272.0,10.0,15544:483,15551:465
747,1,1,647.0,10.0,15540:477,15532:480
758,1,1,268.0,10.0,15527:501,15532:499
824,1,1,48.0,10.0,15538:492,15555:451
883,1,1,338.0,10.0,15551:486,15552:488
910,1,1,183.0,10.0,15550:491,15546:488
989,1,1,371.0,10.0,15543:493,15534:480
1203,1,1,673.0,10.0,15550:476,15535:505
2,1,1,378.0,9.0,15532:468,15536:483
205,1,1,271.0,9.0,15543:498,15540:481
206,1,1,667.0,9.0,15540:480,15536:499
317,1,1,545.0,9.0,15535:486,15529:484
323,1,1,400.0,9.0,15534:481,15534:481
360,1,1,374.0,9.0,15533:494,15527:494
396,1,1,653.0,9.0,15527:496,15547:476
411,1,1,538.0,9.0,15536:491,15537:491
527,1,1,313.0,9.0,15525:480,15532:503
648,1,1,422.0,9.0,15547:483,15546:480
715,1,1,355.0,9.0,15530:467,15530:466
818,1,1,279.0,9.0,15531:488,15541:494
849,1,1,285.0,9.0,15535:495,15540:498
953,1,1,75.0,9.0,15533:481,15532:481
971,1,1,180.0,9.0,15540:490,15522:509
1037,1,1,475.0,9.0,15535:479,15550:496
1067,1,1,376.0,9.0,15542:490,15558:487
1095,1,1,460.0,9.0,15534:486,15534:483
1119,1,1,1160.0,9.0,15530:503,15531:490
1147,1,1,331.0,9.0,15525:517,15527:516
1202,1,1,688.0,9.0,15551:477,15550:476
42,1,1,594.0,8.0,15516:444,15517:444
123,1,1,611.0,8.0,15549:484,15552:482
145,1,1,580.0,8.0,15539:492,15530:493
163,1,1,410.0,8.0,15536:504,15536:504
165,1,1,783.0,8.0,15538:500,15535:504
191,1,1,505.0,8.0,15532:469,15534:471
197,1,1,749.0,8.0,15537:502,15539:501
229,1,1,762.0,8.0,15540:488,15551:489
260,1,1,410.0,8.0,15532:487,15531:486
261,1,1,413.0,8.0,15534:504,15535:505
380,1,1,246.0,8.0,15526:516,15523:514
398,1,1,432.0,8.0,15552:476,15547:477
400,1,1,500.0,8.0,15530:498,15547:476
402,1,1,325.0,8.0,15545:486,15547:477
515,1,1,486.0,8.0,15540:487,15544:490
529,1,1,311.0,8.0,15532:502,15543:478
535,1,1,669.0,8.0,15548:490,15551:490
549,1,1,217.0,8.0,15554:474,15547:491
586,1,1,291.0,8.0,15551:488,15561:491
589,1,1,1177.0,8.0,15545:478,15540:492
591,1,1,616.0,8.0,15541:488,15545:478
607,1,1,962.0,8.0,15546:520,15546:520
614,1,1,281.0,8.0,15543:483,15544:484
646,1,1,720.0,8.0,15547:483,15547:483
672,1,1,99.0,8.0,15535:481,15535:482
709,1,1,277.0,8.0,15537:489,15538:484
714,1,1,35.0,8.0,15532:469,15533:469
768,1,1,318.0,8.0,15546:474,15544:478
774,1,1,681.0,8.0,15544:489,15544:484
807,1,1,344.0,8.0,15535:490,15525:493
834,1,1,205.0,8.0,15539:487,15533:489
836,1,1,614.0,8.0,15535:491,15533:475
842,1,1,398.0,8.0,15534:489,15534:489
867,1,1,344.0,8.0,15539:483,15532:484
902,1,1,259.0,8.0,15548:494,15541:497
903,1,1,385.0,8.0,15533:485,15532:484
904,1,1,545.0,8.0,15549:485,15546:481
925,1,1,246.0,8.0,15545:500,15541:499
977,1,1,239.0,8.0,15523:488,15521:492
1022,1,1,210.0,8.0,15549:503,15531:484
1050,1,1,231.0,8.0,15533:486,15544:479
1101,1,1,174.0,8.0,15532:527,15533:521
1112,1,1,239.0,8.0,15532:466,15530:470
1153,1,1,115.0,8.0,15541:476,15552:476
1167,1,1,622.0,8.0,15536:503,15534:503
1187,1,1,524.0,8.0,15545:482,15545:482
1218,1,1,375.0,8.0,15532:499,15545:486
9,1,1,30.0,7.0,15532:468,15532:468
87,1,1,204.0,7.0,15548:496,15543:496
139,1,1,587.0,7.0,15545:493,15549:493
169,1,1,345.0,7.0,15521:511,15547:484
243,1,1,733.0,7.0,15541:494,15541:494
244,1,1,256.0,7.0,15540:494,15546:492
245,1,1,580.0,7.0,15546:492,15540:494
264,1,1,248.0,7.0,15531:496,15536:496
286,1,1,331.0,7.0,15544:487,15544:487
320,1,1,725.0,7.0,15540:486,15534:481
322,1,1,25.0,7.0,15535:481,15535:482
327,1,1,1156.0,7.0,15536:471,15548:491
368,1,1,102.0,7.0,15548:494,15547:495
392,1,1,119.0,7.0,15538:486,15537:489
408,1,1,445.0,7.0,15536:480,15536:479
513,1,1,43.0,7.0,15548:488,15548:492
523,1,1,597.0,7.0,15523:474,15521:472
530,1,1,337.0,7.0,15544:490,15532:503
553,1,1,221.0,7.0,15545:486,15554:474
558,1,1,365.0,7.0,15530:503,15532:500
562,1,1,54.0,7.0,15543:491,15543:491
564,1,1,667.0,7.0,15538:487,15551:488
570,1,1,276.0,7.0,15540:486,15537:484
576,1,1,404.0,7.0,15539:492,15530:487
587,1,1,185.0,7.0,15552:487,15548:485
606,1,1,212.0,7.0,15526:471,15526:471
623,1,1,437.0,7.0,15547:490,15546:488
624,1,1,418.0,7.0,15546:488,15547:490
658,1,1,391.0,7.0,15523:506,15525:505
686,1,1,411.0,7.0,15548:499,15545:492
691,1,1,140.0,7.0,15537:484,15534:484
700,1,1,184.0,7.0,15538:500,15543:497
721,1,1,222.0,7.0,15530:466,15534:470
729,1,1,278.0,7.0,15545:484,15546:491
816,1,1,226.0,7.0,15540:492,15537:464
847,1,1,159.0,7.0,15538:488,15536:497
873,1,1,220.0,7.0,15537:474,15535:501
879,1,1,255.0,7.0,15535:501,15536:475
897,1,1,186.0,7.0,15554:494,15548:494
907,1,1,359.0,7.0,15549:491,15549:491
935,1,1,129.0,7.0,15527:506,15528:506
942,1,1,292.0,7.0,15535:486,15535:487
947,1,1,131.0,7.0,15536:487,15540:491
1031,1,1,112.0,7.0,15550:496,15531:487
1111,1,1,427.0,7.0,15544:526,15544:527
1141,1,1,207.0,7.0,15546:438,15542:438
1148,1,1,128.0,7.0,15541:476,15541:476
1161,1,1,385.0,7.0,15557:486,15543:490
1170,1,1,996.0,7.0,15579:469,15579:469
1186,1,1,85.0,7.0,15545:482,15544:482
1214,1,1,354.0,7.0,15542:487,15551:482
1220,1,1,281.0,7.0,15533:498,15543:490
1224,1,1,308.0,7.0,15547:497,15526:485
1225,1,1,473.0,7.0,15534:500,15542:497
1227,1,1,511.0,7.0,15531:499,15533:499
1230,1,1,167.0,7.0,15537:489,15533:476
1236,1,1,383.0,7.0,15537:489,15534:472
6,1,1,281.0,6.0,15531:468,15532:468
7,1,1,241.0,6.0,15537:490,15533:482
33,1,1,249.0,6.0,15549:480,15532:502
48,1,1,231.0,6.0,15532:498,15542:480
50,1,1,509.0,6.0,15549:469,15548:472
60,1,1,930.0,6.0,15544:493,15541:479
120,1,1,301.0,6.0,15553:482,15544:485
121,1,1,243.0,6.0,15544:490,15553:482
131,1,1,287.0,6.0,15544:487,15559:492
140,1,1,165.0,6.0,15535:491,15548:493
150,1,1,132.0,6.0,15541:515,15540:511
171,1,1,957.0,6.0,15547:484,15547:484
190,1,1,377.0,6.0,15533:471,15532:469
192,1,1,314.0,6.0,15534:471,15534:471
208,1,1,257.0,6.0,15539:493,15537:489
218,1,1,82.0,6.0,15545:489,15544:488
219,1,1,139.0,6.0,15547:495,15539:491
224,1,1,413.0,6.0,15540:488,15551:490
225,1,1,348.0,6.0,15552:490,15547:497
226,1,1,83.0,6.0,15551:488,15543:491
227,1,1,388.0,6.0,15543:491,15543:491
230,1,1,295.0,6.0,15559:490,15551:489
255,1,1,651.0,6.0,15537:486,15546:475
263,1,1,256.0,6.0,15534:504,15534:504
280,1,1,43.0,6.0,15536:490,15537:490
288,1,1,436.0,6.0,15543:485,15543:486
294,1,1,572.0,6.0,15545:489,15547:486
299,1,1,359.0,6.0,15544:485,15542:487
305,1,1,274.0,6.0,15549:482,15541:482
307,1,1,114.0,6.0,15548:483,15549:482
328,1,1,1748.0,6.0,15548:491,15549:491
334,1,1,71.0,6.0,15529:487,15530:487
350,1,1,423.0,6.0,15533:482,15533:482
352,1,1,264.0,6.0,15559:505,15542:497
364,1,1,149.0,6.0,15549:493,15547:491
427,1,1,535.0,6.0,15553:486,15554:485
433,1,1,118.0,6.0,15536:477,15543:487
442,1,1,189.0,6.0,15530:492,15530:489
445,1,1,17.0,6.0,15537:491,15539:495
453,1,1,568.0,6.0,15541:498,15541:498
455,1,1,259.0,6.0,15541:498,15550:480
459,1,1,141.0,6.0,15545:493,15543:495
472,1,1,293.0,6.0,15528:489,15530:487
479,1,1,213.0,6.0,15541:490,15536:496
486,1,1,287.0,6.0,15539:503,15538:494
517,1,1,303.0,6.0,15522:474,15521:474
521,1,1,62.0,6.0,15523:474,15522:475
540,1,1,193.0,6.0,15537:488,15535:501
544,1,1,335.0,6.0,15552:489,15541:494
547,1,1,235.0,6.0,15551:506,15550:505
551,1,1,511.0,6.0,15548:491,15550:491
555,1,1,644.0,6.0,15532:500,15532:500
577,1,1,263.0,6.0,15530:487,15539:492
578,1,1,216.0,6.0,15539:492,15530:487
583,1,1,258.0,6.0,15538:492,15547:487
590,1,1,99.0,6.0,15543:497,15548:494
613,1,1,525.0,6.0,15528:494,15544:484
619,1,1,256.0,6.0,15547:490,15549:494
634,1,1,218.0,6.0,15541:495,15542:499
643,1,1,328.0,6.0,15547:483,15529:488
652,1,1,253.0,6.0,15538:473,15543:482
664,1,1,131.0,6.0,15534:483,15531:479
668,1,1,426.0,6.0,15535:482,15532:480
677,1,1,55.0,6.0,15527:483,15527:483
678,1,1,330.0,6.0,15539:492,15531:486
703,1,1,343.0,6.0,15549:500,15549:500
704,1,1,314.0,6.0,15542:494,15543:487
705,1,1,292.0,6.0,15546:498,15549:498
712,1,1,635.0,6.0,15540:491,15541:492
717,1,1,146.0,6.0,15552:491,15530:466
723,1,1,153.0,6.0,15547:491,15545:484
742,1,1,123.0,6.0,15542:492,15532:479
743,1,1,206.0,6.0,15543:488,15541:491
759,1,1,203.0,6.0,15545:490,15545:490
760,1,1,179.0,6.0,15530:496,15530:496
762,1,1,653.0,6.0,15531:496,15540:491
775,1,1,508.0,6.0,15540:512,15540:511
817,1,1,518.0,6.0,15528:488,15531:488
823,1,1,79.0,6.0,15540:494,15540:494
833,1,1,378.0,6.0,15534:489,15532:489
853,1,1,197.0,6.0,15539:498,15541:497
859,1,1,189.0,6.0,15531:488,15555:513
861,1,1,278.0,6.0,15531:488,15538:487
877,1,1,288.0,6.0,15540:486,15537:473
895,1,1,79.0,6.0,15539:494,15551:487
899,1,1,128.0,6.0,15540:495,15548:494
911,1,1,261.0,6.0,15549:491,15550:489
914,1,1,233.0,6.0,15528:488,15549:491
921,1,1,42.0,6.0,15547:497,15540:491
924,1,1,138.0,6.0,15541:484,15542:498
929,1,1,126.0,6.0,15543:482,15542:498
951,1,1,129.0,6.0,15532:482,15531:490
954,1,1,107.0,6.0,15538:486,15545:486
955,1,1,117.0,6.0,15531:496,15554:477
957,1,1,478.0,6.0,15554:487,15532:471
959,1,1,204.0,6.0,15540:491,15552:487
961,1,1,285.0,6.0,15554:485,15554:485
965,1,1,237.0,6.0,15554:484,15554:485
996,1,1,211.0,6.0,15542:501,15542:501
1009,1,1,217.0,6.0,15544:484,15528:474
1010,1,1,243.0,6.0,15529:475,15529:475
1028,1,1,644.0,6.0,15536:480,15550:496
1048,1,1,99.0,6.0,15544:479,15544:479
1065,1,1,335.0,6.0,15552:490,15550:488
1088,1,1,91.0,6.0,15527:484,15524:484
1093,1,1,290.0,6.0,15534:482,15530:474
1121,1,1,208.0,6.0,15530:487,15548:470
1122,1,1,271.0,6.0,15533:497,15538:491
1126,1,1,182.0,6.0,15532:495,15531:495
1136,1,1,364.0,6.0,15535:473,15540:496
1139,1,1,107.0,6.0,15532:466,15535:464
1146,1,1,390.0,6.0,15537:490,15526:516
1149,1,1,241.0,6.0,15541:476,15541:476
1162,1,1,444.0,6.0,15528:478,15529:479
1169,1,1,557.0,6.0,15534:504,15534:504
1181,1,1,421.0,6.0,15535:478,15534:478
1204,1,1,412.0,6.0,15535:505,15535:504
1207,1,1,171.0,6.0,15526:496,15526:493
1211,1,1,322.0,6.0,15548:487,15546:496
1212,1,1,2440.0,6.0,15539:491,15539:491
1215,1,1,424.0,6.0,15540:488,15538:501
1237,1,1,257.0,6.0,15534:501,15538:502
1,1,1,291.0,5.0,15532:468,15532:468
8,1,1,360.0,5.0,15532:468,15534:468
13,1,1,302.0,5.0,15536:489,15527:482
19,1,1,220.0,5.0,15536:500,15535:503
24,1,1,188.0,5.0,15540:491,15532:502
32,1,1,390.0,5.0,15546:479,15549:480
49,1,1,1126.0,5.0,15549:469,15550:469
53,1,1,143.0,5.0,15545:480,15546:478
54,1,1,258.0,5.0,15535:490,15537:488
67,1,1,443.0,5.0,15541:487,15542:488
70,1,1,353.0,5.0,15541:490,15542:488
76,1,1,362.0,5.0,15541:488,15540:490
78,1,1,598.0,5.0,15540:489,15541:488
81,1,1,141.0,5.0,15543:496,15543:496
82,1,1,166.0,5.0,15543:496,15541:488
86,1,1,191.0,5.0,15543:496,15543:490
101,1,1,143.0,5.0,15534:474,15534:474
111,1,1,244.0,5.0,15530:497,15529:496
116,1,1,206.0,5.0,15540:491,15530:493
122,1,1,375.0,5.0,15552:482,15549:483
124,1,1,226.0,5.0,15553:482,15547:485
136,1,1,106.0,5.0,15547:493,15549:478
137,1,1,200.0,5.0,15549:479,15545:495
138,1,1,375.0,5.0,15546:495,15545:493
158,1,1,185.0,5.0,15535:504,15547:496
161,1,1,191.0,5.0,15535:504,15542:494
162,1,1,405.0,5.0,15536:504,15535:504
166,1,1,340.0,5.0,15536:504,15550:468
174,1,1,436.0,5.0,15546:486,15548:485
183,1,1,79.0,5.0,15538:496,15544:489
187,1,1,297.0,5.0,15542:501,15542:501
201,1,1,58.0,5.0,15538:501,15539:501
209,1,1,124.0,5.0,15530:498,15529:494
210,1,1,120.0,5.0,15529:495,15543:498
221,1,1,272.0,5.0,15545:488,15544:489
222,1,1,351.0,5.0,15538:492,15547:495
228,1,1,101.0,5.0,15543:490,15544:491
237,1,1,362.0,5.0,15550:492,15548:492
253,1,1,232.0,5.0,15552:465,15552:464
257,1,1,543.0,5.0,15545:484,15544:483
267,1,1,197.0,5.0,15531:494,15549:491
275,1,1,161.0,5.0,15530:495,15529:498
282,1,1,132.0,5.0,15535:490,15535:489
302,1,1,82.0,5.0,15548:482,15549:482
304,1,1,288.0,5.0,15550:485,15549:483
308,1,1,590.0,5.0,15530:484,15530:484
310,1,1,784.0,5.0,15530:484,15530:485
314,1,1,582.0,5.0,15530:484,15529:484
324,1,1,211.0,5.0,15530:469,15535:481
325,1,1,154.0,5.0,15548:491,15550:492
329,1,1,132.0,5.0,15529:494,15550:494
331,1,1,128.0,5.0,15529:491,15529:493
335,1,1,329.0,5.0,15529:487,15531:487
336,1,1,85.0,5.0,15529:487,15528:488
338,1,1,540.0,5.0,15563:493,15563:492
348,1,1,153.0,5.0,15544:486,15547:481
351,1,1,1069.0,5.0,15533:482,15533:480
353,1,1,123.0,5.0,15533:502,15533:482
354,1,1,393.0,5.0,15539:498,15537:498
358,1,1,211.0,5.0,15539:498,15537:498
361,1,1,184.0,5.0,15536:495,15539:497
362,1,1,568.0,5.0,15549:492,15549:493
373,1,1,143.0,5.0,15534:497,15535:496
374,1,1,208.0,5.0,15547:495,15548:497
382,1,1,86.0,5.0,15589:459,15589:459
383,1,1,120.0,5.0,15524:511,15523:514
393,1,1,109.0,5.0,15537:489,15539:487
394,1,1,152.0,5.0,15547:476,15529:497
399,1,1,424.0,5.0,15547:476,15546:475
404,1,1,384.0,5.0,15552:476,15544:487
405,1,1,142.0,5.0,15545:487,15547:476
413,1,1,142.0,5.0,15536:492,15537:492
416,1,1,193.0,5.0,15541:496,15534:480
420,1,1,282.0,5.0,15535:480,15553:476
421,1,1,275.0,5.0,15553:477,15535:480
425,1,1,461.0,5.0,15553:486,15540:492
440,1,1,396.0,5.0,15530:490,15530:491
441,1,1,335.0,5.0,15529:490,15528:492
444,1,1,147.0,5.0,15530:490,15534:485
448,1,1,137.0,5.0,15549:480,15550:480
450,1,1,315.0,5.0,15550:480,15536:501
451,1,1,134.0,5.0,15536:501,15537:502
460,1,1,215.0,5.0,15534:481,15533:482
466,1,1,137.0,5.0,15535:491,15536:488
471,1,1,22.0,5.0,15535:491,15535:490
475,1,1,351.0,5.0,15537:496,15542:486
478,1,1,165.0,5.0,15541:494,15537:496
481,1,1,185.0,5.0,15539:503,15538:503
483,1,1,449.0,5.0,15538:503,15554:471
487,1,1,177.0,5.0,15546:483,15545:483
488,1,1,224.0,5.0,15545:483,15545:487
490,1,1,25.0,5.0,15545:483,15545:483
491,1,1,22.0,5.0,15545:483,15549:486
492,1,1,177.0,5.0,15541:490,15548:497
494,1,1,323.0,5.0,15546:483,15545:483
496,1,1,211.0,5.0,15545:483,15538:476
497,1,1,188.0,5.0,15539:476,15547:496
498,1,1,123.0,5.0,15541:497,15545:485
502,1,1,219.0,5.0,15531:490,15532:490
503,1,1,202.0,5.0,15542:493,15541:491
507,1,1,1165.0,5.0,15542:493,15542:493
510,1,1,196.0,5.0,15545:501,15539:492
516,1,1,65.0,5.0,15523:475,15523:474
518,1,1,281.0,5.0,15521:474,15523:475
528,1,1,115.0,5.0,15532:503,15531:503
557,1,1,279.0,5.0,15532:503,15530:503
566,1,1,364.0,5.0,15535:494,15537:495
571,1,1,171.0,5.0,15536:495,15535:497
585,1,1,244.0,5.0,15539:492,15545:478
588,1,1,366.0,5.0,15546:481,15545:478
594,1,1,65.0,5.0,15540:473,15542:474
596,1,1,129.0,5.0,15543:482,15542:482
604,1,1,41.0,5.0,15525:471,15527:471
605,1,1,145.0,5.0,15526:471,15527:471
620,1,1,385.0,5.0,15547:490,15537:479
621,1,1,121.0,5.0,15537:479,15547:490
631,1,1,276.0,5.0,15547:498,15547:500
636,1,1,139.0,5.0,15547:498,15547:501
640,1,1,267.0,5.0,15535:479,15538:478
644,1,1,803.0,5.0,15547:483,15547:483
656,1,1,277.0,5.0,15525:505,15523:506
666,1,1,252.0,5.0,15532:480,15535:482
670,1,1,365.0,5.0,15532:480,15532:480
671,1,1,81.0,5.0,15536:481,15535:481
673,1,1,196.0,5.0,15534:482,15532:480
680,1,1,609.0,5.0,15527:491,15528:491
682,1,1,242.0,5.0,15528:493,15527:491
683,1,1,200.0,5.0,15543:487,15527:490
685,1,1,206.0,5.0,15544:492,15548:499
692,1,1,14.0,5.0,15534:486,15533:487
695,1,1,211.0,5.0,15538:496,15538:482
699,1,1,333.0,5.0,15538:500,15532:503
711,1,1,151.0,5.0,15536:491,15540:491
713,1,1,219.0,5.0,15537:485,15536:485
718,1,1,76.0,5.0,15530:467,15530:466
727,1,1,195.0,5.0,15545:483,15545:490
731,1,1,36.0,5.0,15545:484,15545:485
736,1,1,210.0,5.0,15543:482,15534:478
741,1,1,120.0,5.0,15542:477,15551:485
748,1,1,94.0,5.0,15542:476,15543:478
751,1,1,157.0,5.0,15541:490,15539:489
765,1,1,78.0,5.0,15531:496,15531:495
766,1,1,185.0,5.0,15534:474,15534:474
769,1,1,163.0,5.0,15533:473,15533:473
777,1,1,268.0,5.0,15553:463,15540:511
781,1,1,587.0,5.0,15536:482,15536:482
783,1,1,294.0,5.0,15537:482,15537:490
785,1,1,326.0,5.0,15528:482,15544:487
797,1,1,327.0,5.0,15581:357,15582:359
812,1,1,147.0,5.0,15531:488,15541:492
815,1,1,174.0,5.0,15541:491,15540:492
822,1,1,165.0,5.0,15542:495,15541:494
845,1,1,270.0,5.0,15534:489,15534:489
848,1,1,83.0,5.0,15535:495,15536:497
852,1,1,214.0,5.0,15536:488,15538:486
866,1,1,97.0,5.0,15531:484,15539:484
868,1,1,364.0,5.0,15531:484,15531:483
870,1,1,203.0,5.0,15529:498,15531:502
872,1,1,241.0,5.0,15531:484,15530:486
886,1,1,226.0,5.0,15551:487,15551:485
887,1,1,308.0,5.0,15539:494,15551:487
892,1,1,338.0,5.0,15550:490,15551:488
900,1,1,131.0,5.0,15554:494,15549:494
912,1,1,107.0,5.0,15550:489,15549:490
913,1,1,250.0,5.0,15528:486,15528:487
915,1,1,98.0,5.0,15548:498,15537:487
919,1,1,43.0,5.0,15539:488,15542:487
923,1,1,195.0,5.0,15536:492,15542:498
926,1,1,121.0,5.0,15542:498,15539:494
928,1,1,86.0,5.0,15542:499,15544:482
930,1,1,326.0,5.0,15526:486,15527:486
944,1,1,84.0,5.0,15535:487,15540:491
945,1,1,160.0,5.0,15535:486,15528:480
970,1,1,210.0,5.0,15544:489,15540:490
982,1,1,191.0,5.0,15537:479,15540:493
983,1,1,429.0,5.0,15540:493,15540:493
988,1,1,214.0,5.0,15531:488,15533:490
993,1,1,66.0,5.0,15543:501,15542:501
997,1,1,93.0,5.0,15542:501,15543:501
999,1,1,111.0,5.0,15521:478,15521:477
1016,1,1,276.0,5.0,15543:491,15543:488
1017,1,1,122.0,5.0,15551:478,15551:479
1029,1,1,92.0,5.0,15550:496,15549:491
1033,1,1,158.0,5.0,15550:496,15552:496
1034,1,1,132.0,5.0,15551:496,15551:497
1042,1,1,167.0,5.0,15538:497,15532:468
1047,1,1,138.0,5.0,15539:492,15538:491
1053,1,1,158.0,5.0,15536:496,15536:496
1054,1,1,298.0,5.0,15537:497,15536:496
1059,1,1,463.0,5.0,15534:478,15534:478
1073,1,1,202.0,5.0,15548:485,15548:485
1077,1,1,207.0,5.0,15548:485,15533:485
1082,1,1,301.0,5.0,15545:496,15544:488
1083,1,1,297.0,5.0,15541:488,15545:495
1084,1,1,342.0,5.0,15545:496,15545:496
1096,1,1,394.0,5.0,15534:483,15534:483
1097,1,1,15.0,5.0,15540:474,15541:474
1117,1,1,415.0,5.0,15544:494,15539:492
1124,1,1,425.0,5.0,15548:470,15548:471
1131,1,1,93.0,5.0,15525:493,15524:493
1144,1,1,138.0,5.0,15526:517,15526:515
1145,1,1,115.0,5.0,15532:466,15531:467
1159,1,1,135.0,5.0,15551:465,15528:480
1160,1,1,109.0,5.0,15528:479,15551:464
1164,1,1,186.0,5.0,15528:480,15528:480
1179,1,1,235.0,5.0,15535:478,15535:478
1183,1,1,44.0,5.0,15545:482,15546:483
1190,1,1,201.0,5.0,15544:486,15542:498
1197,1,1,150.0,5.0,15535:504,15540:494
1198,1,1,288.0,5.0,15535:504,15537:502
1199,1,1,175.0,5.0,15536:502,15535:503
1209,1,1,176.0,5.0,15547:496,15546:496
1216,1,1,282.0,5.0,15540:497,15537:501
1229,1,1,136.0,5.0,15533:500,15534:499
1231,1,1,76.0,5.0,15544:494,15544:496
1232,1,1,188.0,5.0,15545:494,15545:494
1234,1,1,322.0,5.0,15545:494,15546:493
5,1,1,56.0,4.0,15535:481,15534:481
10,1,1,79.0,4.0,15538:487,15538:487
14,1,1,206.0,4.0,15535:502,15536:500
16,1,1,150.0,4.0,15551:468,15551:468
17,1,1,213.0,4.0,15536:500,15535:502
18,1,1,192.0,4.0,15535:502,15536:500
20,1,1,799.0,4.0,15536:502,15536:502
22,1,1,146.0,4.0,15536:502,15551:468
25,1,1,287.0,4.0,15547:479,15546:479
31,1,1,111.0,4.0,15546:479,15547:479
35,1,1,124.0,4.0,15540:492,15541:491
41,1,1,364.0,4.0,15540:503,15539:503
46,1,1,108.0,4.0,15469:502,15469:503
47,1,1,287.0,4.0,15543:481,15543:481
51,1,1,132.0,4.0,15537:488,15537:487
55,1,1,114.0,4.0,15546:479,15547:479
56,1,1,386.0,4.0,15546:478,15547:479
57,1,1,104.0,4.0,15547:479,15545:479
58,1,1,157.0,4.0,15537:490,15537:492
61,1,1,120.0,4.0,15544:493,15547:495
63,1,1,42.0,4.0,15539:491,15540:486
65,1,1,650.0,4.0,15547:494,15547:494
66,1,1,108.0,4.0,15542:488,15542:489
68,1,1,573.0,4.0,15540:490,15541:489
69,1,1,192.0,4.0,15547:493,15540:490
71,1,1,61.0,4.0,15542:489,15541:487
72,1,1,263.0,4.0,15541:489,15540:491
73,1,1,412.0,4.0,15540:489,15541:487
74,1,1,453.0,4.0,15541:488,15541:487
75,1,1,481.0,4.0,15547:494,15547:494
77,1,1,32.0,4.0,15540:489,15541:489
79,1,1,469.0,4.0,15542:488,15542:487
80,1,1,49.0,4.0,15534:492,15535:492
83,1,1,243.0,4.0,15541:488,15540:490
85,1,1,176.0,4.0,15542:497,15543:496
88,1,1,125.0,4.0,15513:486,15514:484
91,1,1,86.0,4.0,15565:483,15565:483
92,1,1,225.0,4.0,15513:486,15514:484
93,1,1,174.0,4.0,15565:483,15565:483
104,1,1,487.0,4.0,15534:474,15534:474
108,1,1,224.0,4.0,15535:472,15534:474
113,1,1,129.0,4.0,15530:497,15530:496
114,1,1,108.0,4.0,15529:496,15529:496
115,1,1,325.0,4.0,15545:491,15545:491
118,1,1,189.0,4.0,15545:489,15545:486
119,1,1,89.0,4.0,15549:486,15549:485
126,1,1,47.0,4.0,15526:489,15526:488
127,1,1,340.0,4.0,15527:488,15527:488
129,1,1,404.0,4.0,15527:488,15527:488
133,1,1,354.0,4.0,15549:484,15547:485
134,1,1,101.0,4.0,15547:493,15533:489
141,1,1,285.0,4.0,15547:494,15546:495
147,1,1,100.0,4.0,15547:496,15547:496
152,1,1,430.0,4.0,15529:493,15529:493
153,1,1,181.0,4.0,15528:493,15529:493
156,1,1,161.0,4.0,15529:493,15529:494
157,1,1,78.0,4.0,15535:491,15535:491
159,1,1,143.0,4.0,15535:504,15535:504
160,1,1,48.0,4.0,15535:504,15535:505
167,1,1,113.0,4.0,15535:496,15535:505
172,1,1,93.0,4.0,15547:484,15548:484
173,1,1,250.0,4.0,15547:484,15546:486
177,1,1,42.0,4.0,15524:496,15524:496
181,1,1,154.0,4.0,15533:471,15545:488
193,1,1,36.0,4.0,15538:501,15539:501
194,1,1,43.0,4.0,15539:501,15538:501
200,1,1,24.0,4.0,15539:501,15539:501
202,1,1,120.0,4.0,15543:498,15531:497
204,1,1,284.0,4.0,15543:499,15543:498
207,1,1,32.0,4.0,15530:494,15528:494
214,1,1,75.0,4.0,15536:491,15537:489
216,1,1,101.0,4.0,15542:489,15543:491
220,1,1,225.0,4.0,15547:495,15544:488
231,1,1,75.0,4.0,15545:481,15541:488
232,1,1,201.0,4.0,15549:492,15550:494
233,1,1,209.0,4.0,15549:493,15550:494
235,1,1,202.0,4.0,15549:492,15550:494
236,1,1,285.0,4.0,15550:494,15549:492
238,1,1,206.0,4.0,15549:492,15550:494
239,1,1,131.0,4.0,15540:494,15540:493
246,1,1,113.0,4.0,15540:495,15540:494
247,1,1,28.0,4.0,15541:494,15541:494
250,1,1,121.0,4.0,15548:490,15547:491
252,1,1,658.0,4.0,15551:465,15551:465
262,1,1,133.0,4.0,15535:506,15534:504
265,1,1,53.0,4.0,15550:489,15549:488
266,1,1,99.0,4.0,15534:497,15534:497
268,1,1,161.0,4.0,15537:494,15535:495
271,1,1,124.0,4.0,15535:484,15534:486
272,1,1,330.0,4.0,15548:491,15530:494
273,1,1,250.0,4.0,15531:493,15529:494
276,1,1,130.0,4.0,15530:494,15530:494
277,1,1,117.0,4.0,15527:496,15530:495
278,1,1,91.0,4.0,15530:494,15532:496
279,1,1,62.0,4.0,15536:489,15536:490
281,1,1,17.0,4.0,15535:490,15536:490
284,1,1,163.0,4.0,15543:485,15543:485
287,1,1,42.0,4.0,15543:486,15544:486
289,1,1,123.0,4.0,15542:487,15542:487
290,1,1,37.0,4.0,15543:487,15542:487
291,1,1,44.0,4.0,15542:487,15542:487
292,1,1,160.0,4.0,15542:487,15543:487
293,1,1,278.0,4.0,15542:487,15542:487
295,1,1,120.0,4.0,15543:487,15543:487
297,1,1,53.0,4.0,15542:488,15542:487
298,1,1,301.0,4.0,15543:487,15544:485
300,1,1,102.0,4.0,15548:482,15549:483
301,1,1,36.0,4.0,15549:482,15548:482
303,1,1,210.0,4.0,15548:482,15550:481
306,1,1,32.0,4.0,15548:482,15549:482
311,1,1,207.0,4.0,15530:484,15530:484
312,1,1,115.0,4.0,15529:484,15531:484
313,1,1,220.0,4.0,15531:484,15530:484
315,1,1,18.0,4.0,15530:484,15530:484
316,1,1,42.0,4.0,15535:477,15535:477
321,1,1,83.0,4.0,15536:473,15534:481
326,1,1,174.0,4.0,15548:491,15536:471
330,1,1,180.0,4.0,15529:494,15529:491
341,1,1,550.0,4.0,15550:515,15550:515
346,1,1,264.0,4.0,15550:515,15548:514
356,1,1,44.0,4.0,15540:498,15540:497
357,1,1,250.0,4.0,15537:489,15537:489
359,1,1,611.0,4.0,15537:499,15536:498
363,1,1,47.0,4.0,15548:494,15549:493
365,1,1,62.0,4.0,15548:493,15549:494
366,1,1,64.0,4.0,15547:491,15548:493
367,1,1,90.0,4.0,15549:493,15548:494
369,1,1,134.0,4.0,15542:491,15542:488
371,1,1,37.0,4.0,15546:495,15547:495
376,1,1,367.0,4.0,15535:497,15534:496
378,1,1,15.0,4.0,15546:500,15534:496
379,1,1,118.0,4.0,15539:492,15532:472
385,1,1,238.0,4.0,15540:490,15539:492
388,1,1,587.0,4.0,15526:486,15526:486
391,1,1,89.0,4.0,15538:489,15539:487
403,1,1,255.0,4.0,15547:477,15547:476
406,1,1,154.0,4.0,15547:493,15540:492
407,1,1,335.0,4.0,15540:492,15547:476
410,1,1,203.0,4.0,15534:487,15535:485
412,1,1,281.0,4.0,15536:491,15537:492
415,1,1,70.0,4.0,15536:492,15537:491
418,1,1,292.0,4.0,15536:478,15535:480
422,1,1,156.0,4.0,15535:480,15536:491
423,1,1,219.0,4.0,15536:491,15537:489
424,1,1,484.0,4.0,15539:492,15538:492
435,1,1,120.0,4.0,15546:487,15535:477
436,1,1,32.0,4.0,15541:489,15544:490
437,1,1,173.0,4.0,15536:477,15535:478
447,1,1,156.0,4.0,15549:480,15550:480
452,1,1,106.0,4.0,15537:502,15537:501
454,1,1,569.0,4.0,15541:498,15541:497
456,1,1,56.0,4.0,15550:488,15551:488
457,1,1,152.0,4.0,15550:489,15545:493
458,1,1,145.0,4.0,15545:494,15545:494
464,1,1,128.0,4.0,15534:481,15535:479
465,1,1,237.0,4.0,15539:492,15539:491
467,1,1,282.0,4.0,15536:490,15538:489
469,1,1,329.0,4.0,15535:491,15535:490
470,1,1,226.0,4.0,15537:491,15536:491
473,1,1,156.0,4.0,15537:496,15541:490
474,1,1,489.0,4.0,15542:490,15540:490
476,1,1,61.0,4.0,15547:488,15547:489
477,1,1,123.0,4.0,15541:494,15541:494
480,1,1,468.0,4.0,15538:503,15538:503
489,1,1,17.0,4.0,15545:483,15545:483
500,1,1,38.0,4.0,15545:483,15545:483
504,1,1,230.0,4.0,15542:493,15542:493
505,1,1,116.0,4.0,15536:490,15536:490
506,1,1,85.0,4.0,15536:491,15536:490
508,1,1,197.0,4.0,15545:501,15539:492
519,1,1,299.0,4.0,15523:474,15524:475
520,1,1,242.0,4.0,15522:474,15521:474
525,1,1,23.0,4.0,15538:482,15538:480
531,1,1,375.0,4.0,15532:502,15532:502
532,1,1,247.0,4.0,15537:494,15538:492
533,1,1,367.0,4.0,15551:490,15551:490
534,1,1,159.0,4.0,15542:490,15544:490
537,1,1,473.0,4.0,15551:491,15551:490
538,1,1,167.0,4.0,15538:491,15550:490
542,1,1,250.0,4.0,15544:502,15546:492
543,1,1,280.0,4.0,15546:492,15551:489
545,1,1,75.0,4.0,15535:501,15535:501
546,1,1,78.0,4.0,15553:475,15554:475
550,1,1,165.0,4.0,15548:491,15547:491
552,1,1,294.0,4.0,15550:491,15554:474
554,1,1,97.0,4.0,15554:474,15554:475
556,1,1,180.0,4.0,15532:499,15545:500
559,1,1,62.0,4.0,15532:500,15532:500
560,1,1,207.0,4.0,15534:499,15532:500
561,1,1,219.0,4.0,15532:500,15543:489
565,1,1,107.0,4.0,15552:487,15552:488
572,1,1,30.0,4.0,15535:496,15535:495
573,1,1,123.0,4.0,15535:496,15529:487
574,1,1,111.0,4.0,15535:495,15535:496
579,1,1,230.0,4.0,15530:487,15530:487
581,1,1,463.0,4.0,15530:487,15530:487
582,1,1,192.0,4.0,15535:496,15530:487
584,1,1,106.0,4.0,15545:478,15550:487
599,1,1,103.0,4.0,15546:492,15547:493
611,1,1,450.0,4.0,15544:483,15543:484
616,1,1,174.0,4.0,15543:486,15543:484
617,1,1,166.0,4.0,15543:484,15543:486
618,1,1,107.0,4.0,15539:493,15538:493
622,1,1,123.0,4.0,15546:491,15547:490
625,1,1,240.0,4.0,15537:496,15537:497
626,1,1,112.0,4.0,15538:497,15537:496
627,1,1,216.0,4.0,15533:496,15534:497
628,1,1,113.0,4.0,15533:496,15534:495
638,1,1,154.0,4.0,15539:489,15538:488
639,1,1,142.0,4.0,15538:488,15539:489
642,1,1,239.0,4.0,15548:481,15547:483
645,1,1,372.0,4.0,15547:483,15550:483
647,1,1,327.0,4.0,15547:483,15547:483
649,1,1,293.0,4.0,15547:482,15547:482
654,1,1,208.0,4.0,15525:506,15525:506
655,1,1,182.0,4.0,15532:476,15525:505
667,1,1,366.0,4.0,15535:482,15535:482
669,1,1,266.0,4.0,15532:482,15532:480
674,1,1,124.0,4.0,15532:480,15534:483
679,1,1,36.0,4.0,15529:488,15531:486
681,1,1,239.0,4.0,15527:491,15528:493
684,1,1,241.0,4.0,15528:491,15530:492
687,1,1,71.0,4.0,15544:492,15544:492
688,1,1,264.0,4.0,15544:492,15544:492
689,1,1,560.0,4.0,15544:491,15544:492
690,1,1,230.0,4.0,15544:491,15544:492
693,1,1,69.0,4.0,15538:497,15539:496
694,1,1,308.0,4.0,15514:465,15534:485
698,1,1,162.0,4.0,15533:485,15534:486
701,1,1,42.0,4.0,15543:497,15539:500
702,1,1,397.0,4.0,15539:494,15540:492
708,1,1,34.0,4.0,15536:485,15537:485
710,1,1,285.0,4.0,15537:489,15536:491
716,1,1,736.0,4.0,15537:490,15539:491
722,1,1,241.0,4.0,15533:470,15531:469
724,1,1,87.0,4.0,15545:484,15544:484
728,1,1,156.0,4.0,15545:491,15545:484
730,1,1,130.0,4.0,15545:491,15545:484
732,1,1,250.0,4.0,15534:478,15534:478
733,1,1,468.0,4.0,15542:482,15544:483
734,1,1,130.0,4.0,15535:478,15534:478
735,1,1,425.0,4.0,15534:478,15534:478
737,1,1,82.0,4.0,15544:493,15545:493
739,1,1,191.0,4.0,15545:493,15544:493
740,1,1,268.0,4.0,15544:493,15544:493
744,1,1,155.0,4.0,15542:492,15531:480
752,1,1,222.0,4.0,15540:490,15541:490
753,1,1,185.0,4.0,15541:490,15542:488
754,1,1,227.0,4.0,15543:488,15541:489
755,1,1,212.0,4.0,15541:490,15539:497
761,1,1,244.0,4.0,15531:496,15530:496
763,1,1,251.0,4.0,15531:496,15530:496
764,1,1,89.0,4.0,15532:496,15531:496
779,1,1,62.0,4.0,15537:482,15537:483
780,1,1,248.0,4.0,15536:482,15538:490
786,1,1,201.0,4.0,15538:486,15536:485
789,1,1,92.0,4.0,15536:481,15536:480
790,1,1,158.0,4.0,15528:483,15530:483
791,1,1,314.0,4.0,15539:491,15540:491
792,1,1,85.0,4.0,15540:491,15540:490
794,1,1,391.0,4.0,15548:484,15547:483
800,1,1,45.0,4.0,15543:488,15544:487
801,1,1,124.0,4.0,15535:490,15543:491
802,1,1,57.0,4.0,15548:487,15548:487
803,1,1,105.0,4.0,15532:489,15535:489
804,1,1,83.0,4.0,15535:490,15534:489
805,1,1,226.0,4.0,15535:490,15533:491
806,1,1,291.0,4.0,15533:491,15535:490
809,1,1,177.0,4.0,15541:491,15540:491
810,1,1,260.0,4.0,15541:492,15541:492
814,1,1,100.0,4.0,15540:491,15541:492
819,1,1,206.0,4.0,15540:494,15541:492
820,1,1,248.0,4.0,15541:491,15543:492
821,1,1,55.0,4.0,15540:494,15540:494
827,1,1,58.0,4.0,15539:493,15538:492
828,1,1,102.0,4.0,15538:493,15538:493
829,1,1,156.0,4.0,15539:492,15538:492
831,1,1,51.0,4.0,15548:471,15539:493
832,1,1,162.0,4.0,15538:487,15538:487
835,1,1,198.0,4.0,15534:491,15535:491
837,1,1,38.0,4.0,15535:491,15542:483
839,1,1,169.0,4.0,15535:491,15533:492
840,1,1,62.0,4.0,15535:487,15534:489
841,1,1,266.0,4.0,15534:490,15535:489
844,1,1,344.0,4.0,15535:489,15534:490
846,1,1,230.0,4.0,15540:488,15538:488
850,1,1,213.0,4.0,15539:493,15538:494
851,1,1,227.0,4.0,15535:495,15535:495
854,1,1,497.0,4.0,15544:492,15539:497
856,1,1,243.0,4.0,15545:497,15544:499
857,1,1,111.0,4.0,15531:488,15538:487
862,1,1,128.0,4.0,15538:487,15531:488
864,1,1,158.0,4.0,15537:488,15539:487
865,1,1,175.0,4.0,15531:484,15534:486
874,1,1,207.0,4.0,15537:474,15537:474
875,1,1,55.0,4.0,15537:474,15547:483
876,1,1,82.0,4.0,15537:473,15536:475
882,1,1,83.0,4.0,15546:480,15547:482
884,1,1,112.0,4.0,15552:488,15551:486
885,1,1,41.0,4.0,15546:481,15542:485
888,1,1,360.0,4.0,15539:493,15539:493
889,1,1,626.0,4.0,15539:494,15539:494
890,1,1,321.0,4.0,15539:494,15539:493
891,1,1,96.0,4.0,15539:494,15537:495
893,1,1,292.0,4.0,15543:491,15544:487
894,1,1,248.0,4.0,15539:493,15539:493
896,1,1,90.0,4.0,15549:493,15554:494
898,1,1,101.0,4.0,15549:493,15554:494
901,1,1,81.0,4.0,15549:494,15554:494
917,1,1,51.0,4.0,15547:498,15547:496
918,1,1,85.0,4.0,15547:498,15545:497
922,1,1,240.0,4.0,15541:492,15540:492
927,1,1,164.0,4.0,15539:493,15539:494
931,1,1,138.0,4.0,15527:486,15556:495
933,1,1,90.0,4.0,15527:486,15567:494
934,1,1,312.0,4.0,15566:494,15567:494
938,1,1,126.0,4.0,15526:475,15528:476
939,1,1,156.0,4.0,15528:476,15527:474
940,1,1,212.0,4.0,15544:484,15542:484
941,1,1,62.0,4.0,15542:484,15544:485
943,1,1,18.0,4.0,15550:497,15549:496
946,1,1,242.0,4.0,15535:486,15535:486
948,1,1,90.0,4.0,15535:487,15528:480
950,1,1,260.0,4.0,15535:479,15533:481
958,1,1,55.0,4.0,15540:490,15540:490
963,1,1,79.0,4.0,15554:485,15605:497
964,1,1,64.0,4.0,15553:485,15554:485
966,1,1,66.0,4.0,15530:489,15530:489
968,1,1,99.0,4.0,15545:489,15544:489
969,1,1,72.0,4.0,15522:510,15527:505
972,1,1,177.0,4.0,15522:510,15544:489
973,1,1,96.0,4.0,15544:489,15541:498
978,1,1,122.0,4.0,15550:494,15548:488
984,1,1,210.0,4.0,15539:493,15540:493
987,1,1,39.0,4.0,15532:491,15533:490
990,1,1,75.0,4.0,15539:487,15539:486
991,1,1,164.0,4.0,15541:501,15543:501
992,1,1,302.0,4.0,15521:477,15521:478
994,1,1,84.0,4.0,15543:501,15544:501
995,1,1,514.0,4.0,15540:486,15540:486
998,1,1,53.0,4.0,15520:477,15521:476
1002,1,1,260.0,4.0,15553:482,15553:482
1004,1,1,159.0,4.0,15531:493,15528:493
1012,1,1,256.0,4.0,15552:478,15551:478
1014,1,1,174.0,4.0,15549:479,15551:478
1015,1,1,128.0,4.0,15551:478,15552:480
1019,1,1,133.0,4.0,15534:487,15534:486
1020,1,1,94.0,4.0,15549:503,15546:493
1021,1,1,154.0,4.0,15549:503,15549:502
1024,1,1,109.0,4.0,15516:493,15515:493
1026,1,1,277.0,4.0,15550:496,15536:480
1030,1,1,31.0,4.0,15548:491,15550:496
1035,1,1,40.0,4.0,15551:496,15550:497
1036,1,1,90.0,4.0,15536:480,15550:496
1045,1,1,277.0,4.0,15529:495,15539:492
1046,1,1,36.0,4.0,15539:492,15530:495
1052,1,1,293.0,4.0,15544:479,15544:479
1057,1,1,141.0,4.0,15536:477,15535:479
1058,1,1,238.0,4.0,15535:480,15534:478
1060,1,1,21.0,4.0,15535:496,15530:495
1062,1,1,160.0,4.0,15533:478,15534:477
1064,1,1,128.0,4.0,15543:490,15542:491
1069,1,1,75.0,4.0,15548:491,15542:491
1071,1,1,211.0,4.0,15547:485,15548:485
1072,1,1,113.0,4.0,15548:485,15548:485
1078,1,1,303.0,4.0,15546:489,15545:489
1080,1,1,178.0,4.0,15538:501,15545:496
1081,1,1,492.0,4.0,15545:496,15544:496
1090,1,1,187.0,4.0,15530:483,15530:483
1091,1,1,19.0,4.0,15530:483,15531:482
1094,1,1,455.0,4.0,15534:483,15534:486
1104,1,1,166.0,4.0,15538:475,15541:475
1114,1,1,149.0,4.0,15535:496,15535:496
1116,1,1,152.0,4.0,15543:496,15544:494
1118,1,1,159.0,4.0,15539:491,15539:492
1120,1,1,272.0,4.0,15535:495,15536:495
1128,1,1,222.0,4.0,15542:502,15546:487
1134,1,1,26.0,4.0,15535:472,15540:481
1150,1,1,63.0,4.0,15531:495,15530:495
1151,1,1,269.0,4.0,15523:476,15525:475
1154,1,1,362.0,4.0,15532:495,15532:496
1155,1,1,107.0,4.0,15530:495,15531:494
1156,1,1,64.0,4.0,15551:465,15549:463
1158,1,1,60.0,4.0,15551:464,15551:465
1163,1,1,40.0,4.0,15528:480,15528:480
1165,1,1,52.0,4.0,15528:480,15528:481
1166,1,1,136.0,4.0,15551:464,15551:464
1168,1,1,187.0,4.0,15533:502,15534:503
1171,1,1,62.0,4.0,15536:495,15536:495
1173,1,1,269.0,4.0,15538:486,15538:485
1174,1,1,213.0,4.0,15538:485,15535:478
1175,1,1,137.0,4.0,15536:477,15534:478
1176,1,1,94.0,4.0,15534:478,15534:478
1177,1,1,297.0,4.0,15534:478,15534:478
1178,1,1,258.0,4.0,15534:479,15535:478
1180,1,1,327.0,4.0,15534:478,15534:478
1182,1,1,194.0,4.0,15529:493,15531:492
1185,1,1,12.0,4.0,15545:482,15545:483
1188,1,1,30.0,4.0,15540:495,15541:494
1189,1,1,26.0,4.0,15538:486,15539:487
1192,1,1,75.0,4.0,15533:484,15533:484
1193,1,1,392.0,4.0,15538:495,15540:495
1194,1,1,44.0,4.0,15539:485,15539:486
1200,1,1,209.0,4.0,15550:476,15535:504
1201,1,1,138.0,4.0,15550:476,15551:476
1208,1,1,125.0,4.0,15549:486,15547:489
1210,1,1,593.0,4.0,15549:486,15548:486
1213,1,1,124.0,4.0,15539:491,15542:487
1221,1,1,86.0,4.0,15543:491,15534:499
1222,1,1,77.0,4.0,15533:499,15535:500
1223,1,1,169.0,4.0,15534:502,15533:499
1235,1,1,281.0,4.0,15545:494,15545:493
1238,1,1,208.0,4.0,15541:490,15538:501
1239,1,1,86.0,4.0,15537:502,15537:499
1240,1,1,140.0,4.0,15537:498,15537:501
